{"cameraMode":{"drawMode":0,"name":"Shaded","section":"Shading Mode"},"sceneLighting":false,"audioPlay":false,"sceneViewState":{"m_AlwaysRefresh":false,"showFog":false,"showSkybox":false,"showFlares":false,"showImageEffects":false,"showParticleSystems":false,"showVisualEffectGraphs":true,"m_FxEnabled":true},"in2DMode":false,"pivot":{"x":0.011848151683807373,"y":0.7830410599708557,"z":-0.050026655197143558},"rotation":{"x":0.00035095217754133046,"y":0.9996479749679565,"z":-0.017995698377490045,"w":0.01949559897184372},"size":0.8304275274276733,"orthographic":false}