{"cameraMode":{"drawMode":0,"name":"Shaded","section":"Shading Mode"},"sceneLighting":true,"audioPlay":false,"sceneViewState":{"m_AlwaysRefresh":false,"showFog":true,"showSkybox":true,"showFlares":true,"showImageEffects":true,"showParticleSystems":true,"showVisualEffectGraphs":true,"m_FxEnabled":true},"in2DMode":false,"pivot":{"x":0.00028884410858154297,"y":0.7777107954025269,"z":-5.0406293869018559},"rotation":{"x":-0.01527334377169609,"y":0.9836879372596741,"z":-0.1474722921848297,"w":-0.10187780857086182},"size":1.0140012502670289,"orthographic":false}